Workbook

Sheet Customer Given
A1: Date | B1: NO (Start From 1) Write this number on the Parcel | C1: Sender | D1: Receiver | E1: Postal City | F1: Pay Back Value (For COD) | G1: Weight in grams | H1: Barcode
A10001: A | B10001: A | C10001: A | D10001: A | F10001: A | G10001: A | H10001: A | I10001: A | J10001: A | K10001: A | L10001: A | M10001: A | N10001: A | O10001: A

Sheet PostOffice Format COD
A1: BarCode | B1: Type | C1: Pay Back Value(Do not Format this) | D1: COM (Auto Calculating till 29000.00 LKR)(After 29001.00 LKR Please check and add) | E1: Sender | F1: Receiver | G1: Destination PO/SPO | H1: Postage (Auto Calculating till 10kg)(After 10kg Please check and add) | K1: Weight in grams | N1: These Collomns relate with cutomer given file Do not want enter anything
A2: ='Customer Given'!H2 -> 0 | B2: C | C2: ='Customer Given'!F2 -> 0 | D2: =IF(AND(C2>0,C2<101),"52.00",IF(AND(C2>100,C2<201),"54.00",IF(AND(C2>200,C2<301),"56.00",IF(AND(C2>300,C2<401),"58.00",IF(AND(C2>400,C2<501),"60.00",IF(AND(C2>500,C2<601),"62.00",IF(AND(C2>600,C2<701),"64.00",IF(AND(C2>700,C2<801),"66.00",IF(AND(C2>800,C2<901),"68.00",IF(AND(C2>900,C2<1001),"70.00",IF(AND(C2>1000,C2<1101),"72.00",IF(AND(C2>1100,C2<1201),"74.00",IF(AND(C2>1200,C2<1301),"76.00",IF(AND(C2>1300,C2<1401),"78.00",IF(AND(C2>1400,C2<1501),"80.00",IF(AND(C2>1500,C2<1601),"82.00",IF(AND(C2>1600,C2<1701),"84.00",IF(AND(C2>1700,C2<1801),"86.00",IF(AND(C2>1800,C2<1901),"88.00",IF(AND(C2>1900,C2<2001),"90.00",IF(AND(C2>2000,C2<4001),"100.00",IF(AND(C2>4000,C2<6001),"110.00",IF(AND(C2>6000,C2<8001),"120.00",IF(AND(C2>8000,C2<10001),"130.00",IF(AND(C2>10000,C2<50001),"180.00",IF(AND(C2>50000,C2<100001),"280.00","")))))))))))))))))))))))))) | E2: ='Customer Given'!C2 -> 0 | F2: ='Customer Given'!D2 -> 0 | G2: ='Customer Given'!E2 -> 0 | H2: =IF(AND(K2>0,K2<251),"200.00",IF(AND(K2>250,K2<501),"250.00",IF(AND(K2>500,K2<1001),"350.00",IF(AND(K2>1000,K2<2001),"400.00",IF(AND(K2>2000,K2<3001),"450.00",IF(AND(K2>3000,K2<4001),"500.00",IF(AND(K2>4000,K2<5001),"550.00",IF(AND(K2>5000,K2<6001),"600.00",IF(AND(K2>6000,K2<7001),"650.00",IF(AND(K2>7000,K2<8001),"700.00",IF(AND(K2>8000,K2<9001),"750.00",IF(AND(K2>9000,K2<10001),"800.00",IF(AND(K2>10000,K2<15001),"850.00",IF(AND(K2>15000,K2<20001),"1100.00",IF(AND(K2>20000,K2<25001),"1600.00",IF(AND(K2>25000,K2<30001),"2100.00",IF(AND(K2>30000,K2<35001),"2600.00",IF(AND(K2>35000,K2<40001),"3100.00","")))))))))))))))))) | K2: ='Customer Given'!G2 -> 0
A3: ='Customer Given'!H3 -> 0 | B3: C | C3: ='Customer Given'!F3 -> 0 | D3: =IF(AND(C3>0,C3<101),"52.00",IF(AND(C3>100,C3<201),"54.00",IF(AND(C3>200,C3<301),"56.00",IF(AND(C3>300,C3<401),"58.00",IF(AND(C3>400,C3<501),"60.00",IF(AND(C3>500,C3<601),"62.00",IF(AND(C3>600,C3<701),"64.00",IF(AND(C3>700,C3<801),"66.00",IF(AND(C3>800,C3<901),"68.00",IF(AND(C3>900,C3<1001),"70.00",IF(AND(C3>1000,C3<1101),"72.00",IF(AND(C3>1100,C3<1201),"74.00",IF(AND(C3>1200,C3<1301),"76.00",IF(AND(C3>1300,C3<1401),"78.00",IF(AND(C3>1400,C3<1501),"80.00",IF(AND(C3>1500,C3<1601),"82.00",IF(AND(C3>1600,C3<1701),"84.00",IF(AND(C3>1700,C3<1801),"86.00",IF(AND(C3>1800,C3<1901),"88.00",IF(AND(C3>1900,C3<2001),"90.00",IF(AND(C3>2000,C3<4001),"100.00",IF(AND(C3>4000,C3<6001),"110.00",IF(AND(C3>6000,C3<8001),"120.00",IF(AND(C3>8000,C3<10001),"130.00",IF(AND(C3>10000,C3<50001),"180.00",IF(AND(C3>50000,C3<100001),"280.00","")))))))))))))))))))))))))) | E3: ='Customer Given'!C3 -> 0 | F3: ='Customer Given'!D3 -> 0 | G3: ='Customer Given'!E3 -> 0 | H3: =IF(AND(K3>0,K3<251),"200.00",IF(AND(K3>250,K3<501),"250.00",IF(AND(K3>500,K3<1001),"350.00",IF(AND(K3>1000,K3<2001),"400.00",IF(AND(K3>2000,K3<3001),"450.00",IF(AND(K3>3000,K3<4001),"500.00",IF(AND(K3>4000,K3<5001),"550.00",IF(AND(K3>5000,K3<6001),"600.00",IF(AND(K3>6000,K3<7001),"650.00",IF(AND(K3>7000,K3<8001),"700.00",IF(AND(K3>8000,K3<9001),"750.00",IF(AND(K3>9000,K3<10001),"800.00",IF(AND(K3>10000,K3<15001),"850.00",IF(AND(K3>15000,K3<20001),"1100.00",IF(AND(K3>20000,K3<25001),"1600.00",IF(AND(K3>25000,K3<30001),"2100.00",IF(AND(K3>30000,K3<35001),"2600.00",IF(AND(K3>35000,K3<40001),"3100.00","")))))))))))))))))) | K3: ='Customer Given'!G3 -> 0
A4: ='Customer Given'!H4 -> 0 | B4: C | C4: ='Customer Given'!F4 -> 0 | D4: =IF(AND(C4>0,C4<101),"52.00",IF(AND(C4>100,C4<201),"54.00",IF(AND(C4>200,C4<301),"56.00",IF(AND(C4>300,C4<401),"58.00",IF(AND(C4>400,C4<501),"60.00",IF(AND(C4>500,C4<601),"62.00",IF(AND(C4>600,C4<701),"64.00",IF(AND(C4>700,C4<801),"66.00",IF(AND(C4>800,C4<901),"68.00",IF(AND(C4>900,C4<1001),"70.00",IF(AND(C4>1000,C4<1101),"72.00",IF(AND(C4>1100,C4<1201),"74.00",IF(AND(C4>1200,C4<1301),"76.00",IF(AND(C4>1300,C4<1401),"78.00",IF(AND(C4>1400,C4<1501),"80.00",IF(AND(C4>1500,C4<1601),"82.00",IF(AND(C4>1600,C4<1701),"84.00",IF(AND(C4>1700,C4<1801),"86.00",IF(AND(C4>1800,C4<1901),"88.00",IF(AND(C4>1900,C4<2001),"90.00",IF(AND(C4>2000,C4<4001),"100.00",IF(AND(C4>4000,C4<6001),"110.00",IF(AND(C4>6000,C4<8001),"120.00",IF(AND(C4>8000,C4<10001),"130.00",IF(AND(C4>10000,C4<50001),"180.00",IF(AND(C4>50000,C4<100001),"280.00","")))))))))))))))))))))))))) | E4: ='Customer Given'!C4 -> 0 | F4: ='Customer Given'!D4 -> 0 | G4: ='Customer Given'!E4 -> 0 | H4: =IF(AND(K4>0,K4<251),"200.00",IF(AND(K4>250,K4<501),"250.00",IF(AND(K4>500,K4<1001),"350.00",IF(AND(K4>1000,K4<2001),"400.00",IF(AND(K4>2000,K4<3001),"450.00",IF(AND(K4>3000,K4<4001),"500.00",IF(AND(K4>4000,K4<5001),"550.00",IF(AND(K4>5000,K4<6001),"600.00",IF(AND(K4>6000,K4<7001),"650.00",IF(AND(K4>7000,K4<8001),"700.00",IF(AND(K4>8000,K4<9001),"750.00",IF(AND(K4>9000,K4<10001),"800.00",IF(AND(K4>10000,K4<15001),"850.00",IF(AND(K4>15000,K4<20001),"1100.00",IF(AND(K4>20000,K4<25001),"1600.00",IF(AND(K4>25000,K4<30001),"2100.00",IF(AND(K4>30000,K4<35001),"2600.00",IF(AND(K4>35000,K4<40001),"3100.00","")))))))))))))))))) | K4: ='Customer Given'!G4 -> 0
A5: ='Customer Given'!H5 -> 0 | B5: C | C5: ='Customer Given'!F5 -> 0 | D5: =IF(AND(C5>0,C5<101),"52.00",IF(AND(C5>100,C5<201),"54.00",IF(AND(C5>200,C5<301),"56.00",IF(AND(C5>300,C5<401),"58.00",IF(AND(C5>400,C5<501),"60.00",IF(AND(C5>500,C5<601),"62.00",IF(AND(C5>600,C5<701),"64.00",IF(AND(C5>700,C5<801),"66.00",IF(AND(C5>800,C5<901),"68.00",IF(AND(C5>900,C5<1001),"70.00",IF(AND(C5>1000,C5<1101),"72.00",IF(AND(C5>1100,C5<1201),"74.00",IF(AND(C5>1200,C5<1301),"76.00",IF(AND(C5>1300,C5<1401),"78.00",IF(AND(C5>1400,C5<1501),"80.00",IF(AND(C5>1500,C5<1601),"82.00",IF(AND(C5>1600,C5<1701),"84.00",IF(AND(C5>1700,C5<1801),"86.00",IF(AND(C5>1800,C5<1901),"88.00",IF(AND(C5>1900,C5<2001),"90.00",IF(AND(C5>2000,C5<4001),"100.00",IF(AND(C5>4000,C5<6001),"110.00",IF(AND(C5>6000,C5<8001),"120.00",IF(AND(C5>8000,C5<10001),"130.00",IF(AND(C5>10000,C5<50001),"180.00",IF(AND(C5>50000,C5<100001),"280.00","")))))))))))))))))))))))))) | E5: ='Customer Given'!C5 -> 0 | F5: ='Customer Given'!D5 -> 0 | G5: ='Customer Given'!E5 -> 0 | H5: =IF(AND(K5>0,K5<251),"200.00",IF(AND(K5>250,K5<501),"250.00",IF(AND(K5>500,K5<1001),"350.00",IF(AND(K5>1000,K5<2001),"400.00",IF(AND(K5>2000,K5<3001),"450.00",IF(AND(K5>3000,K5<4001),"500.00",IF(AND(K5>4000,K5<5001),"550.00",IF(AND(K5>5000,K5<6001),"600.00",IF(AND(K5>6000,K5<7001),"650.00",IF(AND(K5>7000,K5<8001),"700.00",IF(AND(K5>8000,K5<9001),"750.00",IF(AND(K5>9000,K5<10001),"800.00",IF(AND(K5>10000,K5<15001),"850.00",IF(AND(K5>15000,K5<20001),"1100.00",IF(AND(K5>20000,K5<25001),"1600.00",IF(AND(K5>25000,K5<30001),"2100.00",IF(AND(K5>30000,K5<35001),"2600.00",IF(AND(K5>35000,K5<40001),"3100.00","")))))))))))))))))) | K5: ='Customer Given'!G5 -> 0
A6: ='Customer Given'!H6 -> 0 | B6: C | C6: ='Customer Given'!F6 -> 0 | D6: =IF(AND(C6>0,C6<101),"52.00",IF(AND(C6>100,C6<201),"54.00",IF(AND(C6>200,C6<301),"56.00",IF(AND(C6>300,C6<401),"58.00",IF(AND(C6>400,C6<501),"60.00",IF(AND(C6>500,C6<601),"62.00",IF(AND(C6>600,C6<701),"64.00",IF(AND(C6>700,C6<801),"66.00",IF(AND(C6>800,C6<901),"68.00",IF(AND(C6>900,C6<1001),"70.00",IF(AND(C6>1000,C6<1101),"72.00",IF(AND(C6>1100,C6<1201),"74.00",IF(AND(C6>1200,C6<1301),"76.00",IF(AND(C6>1300,C6<1401),"78.00",IF(AND(C6>1400,C6<1501),"80.00",IF(AND(C6>1500,C6<1601),"82.00",IF(AND(C6>1600,C6<1701),"84.00",IF(AND(C6>1700,C6<1801),"86.00",IF(AND(C6>1800,C6<1901),"88.00",IF(AND(C6>1900,C6<2001),"90.00",IF(AND(C6>2000,C6<4001),"100.00",IF(AND(C6>4000,C6<6001),"110.00",IF(AND(C6>6000,C6<8001),"120.00",IF(AND(C6>8000,C6<10001),"130.00",IF(AND(C6>10000,C6<50001),"180.00",IF(AND(C6>50000,C6<100001),"280.00","")))))))))))))))))))))))))) | E6: ='Customer Given'!C6 -> 0 | F6: ='Customer Given'!D6 -> 0 | G6: ='Customer Given'!E6 -> 0 | H6: =IF(AND(K6>0,K6<251),"200.00",IF(AND(K6>250,K6<501),"250.00",IF(AND(K6>500,K6<1001),"350.00",IF(AND(K6>1000,K6<2001),"400.00",IF(AND(K6>2000,K6<3001),"450.00",IF(AND(K6>3000,K6<4001),"500.00",IF(AND(K6>4000,K6<5001),"550.00",IF(AND(K6>5000,K6<6001),"600.00",IF(AND(K6>6000,K6<7001),"650.00",IF(AND(K6>7000,K6<8001),"700.00",IF(AND(K6>8000,K6<9001),"750.00",IF(AND(K6>9000,K6<10001),"800.00",IF(AND(K6>10000,K6<15001),"850.00",IF(AND(K6>15000,K6<20001),"1100.00",IF(AND(K6>20000,K6<25001),"1600.00",IF(AND(K6>25000,K6<30001),"2100.00",IF(AND(K6>30000,K6<35001),"2600.00",IF(AND(K6>35000,K6<40001),"3100.00","")))))))))))))))))) | K6: ='Customer Given'!G6 -> 0
A7: ='Customer Given'!H7 -> 0 | B7: C | C7: ='Customer Given'!F7 -> 0 | D7: =IF(AND(C7>0,C7<101),"52.00",IF(AND(C7>100,C7<201),"54.00",IF(AND(C7>200,C7<301),"56.00",IF(AND(C7>300,C7<401),"58.00",IF(AND(C7>400,C7<501),"60.00",IF(AND(C7>500,C7<601),"62.00",IF(AND(C7>600,C7<701),"64.00",IF(AND(C7>700,C7<801),"66.00",IF(AND(C7>800,C7<901),"68.00",IF(AND(C7>900,C7<1001),"70.00",IF(AND(C7>1000,C7<1101),"72.00",IF(AND(C7>1100,C7<1201),"74.00",IF(AND(C7>1200,C7<1301),"76.00",IF(AND(C7>1300,C7<1401),"78.00",IF(AND(C7>1400,C7<1501),"80.00",IF(AND(C7>1500,C7<1601),"82.00",IF(AND(C7>1600,C7<1701),"84.00",IF(AND(C7>1700,C7<1801),"86.00",IF(AND(C7>1800,C7<1901),"88.00",IF(AND(C7>1900,C7<2001),"90.00",IF(AND(C7>2000,C7<4001),"100.00",IF(AND(C7>4000,C7<6001),"110.00",IF(AND(C7>6000,C7<8001),"120.00",IF(AND(C7>8000,C7<10001),"130.00",IF(AND(C7>10000,C7<50001),"180.00",IF(AND(C7>50000,C7<100001),"280.00","")))))))))))))))))))))))))) | E7: ='Customer Given'!C7 -> 0 | F7: ='Customer Given'!D7 -> 0 | G7: ='Customer Given'!E7 -> 0 | H7: =IF(AND(K7>0,K7<251),"200.00",IF(AND(K7>250,K7<501),"250.00",IF(AND(K7>500,K7<1001),"350.00",IF(AND(K7>1000,K7<2001),"400.00",IF(AND(K7>2000,K7<3001),"450.00",IF(AND(K7>3000,K7<4001),"500.00",IF(AND(K7>4000,K7<5001),"550.00",IF(AND(K7>5000,K7<6001),"600.00",IF(AND(K7>6000,K7<7001),"650.00",IF(AND(K7>7000,K7<8001),"700.00",IF(AND(K7>8000,K7<9001),"750.00",IF(AND(K7>9000,K7<10001),"800.00",IF(AND(K7>10000,K7<15001),"850.00",IF(AND(K7>15000,K7<20001),"1100.00",IF(AND(K7>20000,K7<25001),"1600.00",IF(AND(K7>25000,K7<30001),"2100.00",IF(AND(K7>30000,K7<35001),"2600.00",IF(AND(K7>35000,K7<40001),"3100.00","")))))))))))))))))) | K7: ='Customer Given'!G7 -> 0
A8: ='Customer Given'!H8 -> 0 | B8: C | C8: ='Customer Given'!F8 -> 0 | D8: =IF(AND(C8>0,C8<101),"52.00",IF(AND(C8>100,C8<201),"54.00",IF(AND(C8>200,C8<301),"56.00",IF(AND(C8>300,C8<401),"58.00",IF(AND(C8>400,C8<501),"60.00",IF(AND(C8>500,C8<601),"62.00",IF(AND(C8>600,C8<701),"64.00",IF(AND(C8>700,C8<801),"66.00",IF(AND(C8>800,C8<901),"68.00",IF(AND(C8>900,C8<1001),"70.00",IF(AND(C8>1000,C8<1101),"72.00",IF(AND(C8>1100,C8<1201),"74.00",IF(AND(C8>1200,C8<1301),"76.00",IF(AND(C8>1300,C8<1401),"78.00",IF(AND(C8>1400,C8<1501),"80.00",IF(AND(C8>1500,C8<1601),"82.00",IF(AND(C8>1600,C8<1701),"84.00",IF(AND(C8>1700,C8<1801),"86.00",IF(AND(C8>1800,C8<1901),"88.00",IF(AND(C8>1900,C8<2001),"90.00",IF(AND(C8>2000,C8<4001),"100.00",IF(AND(C8>4000,C8<6001),"110.00",IF(AND(C8>6000,C8<8001),"120.00",IF(AND(C8>8000,C8<10001),"130.00",IF(AND(C8>10000,C8<50001),"180.00",IF(AND(C8>50000,C8<100001),"280.00","")))))))))))))))))))))))))) | E8: ='Customer Given'!C8 -> 0 | F8: ='Customer Given'!D8 -> 0 | G8: ='Customer Given'!E8 -> 0 | H8: =IF(AND(K8>0,K8<251),"200.00",IF(AND(K8>250,K8<501),"250.00",IF(AND(K8>500,K8<1001),"350.00",IF(AND(K8>1000,K8<2001),"400.00",IF(AND(K8>2000,K8<3001),"450.00",IF(AND(K8>3000,K8<4001),"500.00",IF(AND(K8>4000,K8<5001),"550.00",IF(AND(K8>5000,K8<6001),"600.00",IF(AND(K8>6000,K8<7001),"650.00",IF(AND(K8>7000,K8<8001),"700.00",IF(AND(K8>8000,K8<9001),"750.00",IF(AND(K8>9000,K8<10001),"800.00",IF(AND(K8>10000,K8<15001),"850.00",IF(AND(K8>15000,K8<20001),"1100.00",IF(AND(K8>20000,K8<25001),"1600.00",IF(AND(K8>25000,K8<30001),"2100.00",IF(AND(K8>30000,K8<35001),"2600.00",IF(AND(K8>35000,K8<40001),"3100.00","")))))))))))))))))) | K8: ='Customer Given'!G8 -> 0
A9: ='Customer Given'!H9 -> 0 | B9: C | C9: ='Customer Given'!F9 -> 0 | D9: =IF(AND(C9>0,C9<101),"52.00",IF(AND(C9>100,C9<201),"54.00",IF(AND(C9>200,C9<301),"56.00",IF(AND(C9>300,C9<401),"58.00",IF(AND(C9>400,C9<501),"60.00",IF(AND(C9>500,C9<601),"62.00",IF(AND(C9>600,C9<701),"64.00",IF(AND(C9>700,C9<801),"66.00",IF(AND(C9>800,C9<901),"68.00",IF(AND(C9>900,C9<1001),"70.00",IF(AND(C9>1000,C9<1101),"72.00",IF(AND(C9>1100,C9<1201),"74.00",IF(AND(C9>1200,C9<1301),"76.00",IF(AND(C9>1300,C9<1401),"78.00",IF(AND(C9>1400,C9<1501),"80.00",IF(AND(C9>1500,C9<1601),"82.00",IF(AND(C9>1600,C9<1701),"84.00",IF(AND(C9>1700,C9<1801),"86.00",IF(AND(C9>1800,C9<1901),"88.00",IF(AND(C9>1900,C9<2001),"90.00",IF(AND(C9>2000,C9<4001),"100.00",IF(AND(C9>4000,C9<6001),"110.00",IF(AND(C9>6000,C9<8001),"120.00",IF(AND(C9>8000,C9<10001),"130.00",IF(AND(C9>10000,C9<50001),"180.00",IF(AND(C9>50000,C9<100001),"280.00","")))))))))))))))))))))))))) | E9: ='Customer Given'!C9 -> 0 | F9: ='Customer Given'!D9 -> 0 | G9: ='Customer Given'!E9 -> 0 | H9: =IF(AND(K9>0,K9<251),"200.00",IF(AND(K9>250,K9<501),"250.00",IF(AND(K9>500,K9<1001),"350.00",IF(AND(K9>1000,K9<2001),"400.00",IF(AND(K9>2000,K9<3001),"450.00",IF(AND(K9>3000,K9<4001),"500.00",IF(AND(K9>4000,K9<5001),"550.00",IF(AND(K9>5000,K9<6001),"600.00",IF(AND(K9>6000,K9<7001),"650.00",IF(AND(K9>7000,K9<8001),"700.00",IF(AND(K9>8000,K9<9001),"750.00",IF(AND(K9>9000,K9<10001),"800.00",IF(AND(K9>10000,K9<15001),"850.00",IF(AND(K9>15000,K9<20001),"1100.00",IF(AND(K9>20000,K9<25001),"1600.00",IF(AND(K9>25000,K9<30001),"2100.00",IF(AND(K9>30000,K9<35001),"2600.00",IF(AND(K9>35000,K9<40001),"3100.00","")))))))))))))))))) | K9: ='Customer Given'!G9 -> 0
A10: ='Customer Given'!H10 -> 0 | B10: C | C10: ='Customer Given'!F10 -> 0 | D10: =IF(AND(C10>0,C10<101),"52.00",IF(AND(C10>100,C10<201),"54.00",IF(AND(C10>200,C10<301),"56.00",IF(AND(C10>300,C10<401),"58.00",IF(AND(C10>400,C10<501),"60.00",IF(AND(C10>500,C10<601),"62.00",IF(AND(C10>600,C10<701),"64.00",IF(AND(C10>700,C10<801),"66.00",IF(AND(C10>800,C10<901),"68.00",IF(AND(C10>900,C10<1001),"70.00",IF(AND(C10>1000,C10<1101),"72.00",IF(AND(C10>1100,C10<1201),"74.00",IF(AND(C10>1200,C10<1301),"76.00",IF(AND(C10>1300,C10<1401),"78.00",IF(AND(C10>1400,C10<1501),"80.00",IF(AND(C10>1500,C10<1601),"82.00",IF(AND(C10>1600,C10<1701),"84.00",IF(AND(C10>1700,C10<1801),"86.00",IF(AND(C10>1800,C10<1901),"88.00",IF(AND(C10>1900,C10<2001),"90.00",IF(AND(C10>2000,C10<4001),"100.00",IF(AND(C10>4000,C10<6001),"110.00",IF(AND(C10>6000,C10<8001),"120.00",IF(AND(C10>8000,C10<10001),"130.00",IF(AND(C10>10000,C10<50001),"180.00",IF(AND(C10>50000,C10<100001),"280.00","")))))))))))))))))))))))))) | E10: ='Customer Given'!C10 -> 0 | F10: ='Customer Given'!D10 -> 0 | G10: ='Customer Given'!E10 -> 0 | H10: =IF(AND(K10>0,K10<251),"200.00",IF(AND(K10>250,K10<501),"250.00",IF(AND(K10>500,K10<1001),"350.00",IF(AND(K10>1000,K10<2001),"400.00",IF(AND(K10>2000,K10<3001),"450.00",IF(AND(K10>3000,K10<4001),"500.00",IF(AND(K10>4000,K10<5001),"550.00",IF(AND(K10>5000,K10<6001),"600.00",IF(AND(K10>6000,K10<7001),"650.00",IF(AND(K10>7000,K10<8001),"700.00",IF(AND(K10>8000,K10<9001),"750.00",IF(AND(K10>9000,K10<10001),"800.00",IF(AND(K10>10000,K10<15001),"850.00",IF(AND(K10>15000,K10<20001),"1100.00",IF(AND(K10>20000,K10<25001),"1600.00",IF(AND(K10>25000,K10<30001),"2100.00",IF(AND(K10>30000,K10<35001),"2600.00",IF(AND(K10>35000,K10<40001),"3100.00","")))))))))))))))))) | K10: ='Customer Given'!G10 -> 0
A11: ='Customer Given'!H11 -> 0 | B11: C | C11: ='Customer Given'!F11 -> 0 | D11: =IF(AND(C11>0,C11<101),"52.00",IF(AND(C11>100,C11<201),"54.00",IF(AND(C11>200,C11<301),"56.00",IF(AND(C11>300,C11<401),"58.00",IF(AND(C11>400,C11<501),"60.00",IF(AND(C11>500,C11<601),"62.00",IF(AND(C11>600,C11<701),"64.00",IF(AND(C11>700,C11<801),"66.00",IF(AND(C11>800,C11<901),"68.00",IF(AND(C11>900,C11<1001),"70.00",IF(AND(C11>1000,C11<1101),"72.00",IF(AND(C11>1100,C11<1201),"74.00",IF(AND(C11>1200,C11<1301),"76.00",IF(AND(C11>1300,C11<1401),"78.00",IF(AND(C11>1400,C11<1501),"80.00",IF(AND(C11>1500,C11<1601),"82.00",IF(AND(C11>1600,C11<1701),"84.00",IF(AND(C11>1700,C11<1801),"86.00",IF(AND(C11>1800,C11<1901),"88.00",IF(AND(C11>1900,C11<2001),"90.00",IF(AND(C11>2000,C11<4001),"100.00",IF(AND(C11>4000,C11<6001),"110.00",IF(AND(C11>6000,C11<8001),"120.00",IF(AND(C11>8000,C11<10001),"130.00",IF(AND(C11>10000,C11<50001),"180.00",IF(AND(C11>50000,C11<100001),"280.00","")))))))))))))))))))))))))) | E11: ='Customer Given'!C11 -> 0 | F11: ='Customer Given'!D11 -> 0 | G11: ='Customer Given'!E11 -> 0 | H11: =IF(AND(K11>0,K11<251),"200.00",IF(AND(K11>250,K11<501),"250.00",IF(AND(K11>500,K11<1001),"350.00",IF(AND(K11>1000,K11<2001),"400.00",IF(AND(K11>2000,K11<3001),"450.00",IF(AND(K11>3000,K11<4001),"500.00",IF(AND(K11>4000,K11<5001),"550.00",IF(AND(K11>5000,K11<6001),"600.00",IF(AND(K11>6000,K11<7001),"650.00",IF(AND(K11>7000,K11<8001),"700.00",IF(AND(K11>8000,K11<9001),"750.00",IF(AND(K11>9000,K11<10001),"800.00",IF(AND(K11>10000,K11<15001),"850.00",IF(AND(K11>15000,K11<20001),"1100.00",IF(AND(K11>20000,K11<25001),"1600.00",IF(AND(K11>25000,K11<30001),"2100.00",IF(AND(K11>30000,K11<35001),"2600.00",IF(AND(K11>35000,K11<40001),"3100.00","")))))))))))))))))) | K11: ='Customer Given'!G11 -> 0
A12: ='Customer Given'!H12 -> 0 | B12: C | C12: ='Customer Given'!F12 -> 0 | D12: =IF(AND(C12>0,C12<101),"52.00",IF(AND(C12>100,C12<201),"54.00",IF(AND(C12>200,C12<301),"56.00",IF(AND(C12>300,C12<401),"58.00",IF(AND(C12>400,C12<501),"60.00",IF(AND(C12>500,C12<601),"62.00",IF(AND(C12>600,C12<701),"64.00",IF(AND(C12>700,C12<801),"66.00",IF(AND(C12>800,C12<901),"68.00",IF(AND(C12>900,C12<1001),"70.00",IF(AND(C12>1000,C12<1101),"72.00",IF(AND(C12>1100,C12<1201),"74.00",IF(AND(C12>1200,C12<1301),"76.00",IF(AND(C12>1300,C12<1401),"78.00",IF(AND(C12>1400,C12<1501),"80.00",IF(AND(C12>1500,C12<1601),"82.00",IF(AND(C12>1600,C12<1701),"84.00",IF(AND(C12>1700,C12<1801),"86.00",IF(AND(C12>1800,C12<1901),"88.00",IF(AND(C12>1900,C12<2001),"90.00",IF(AND(C12>2000,C12<4001),"100.00",IF(AND(C12>4000,C12<6001),"110.00",IF(AND(C12>6000,C12<8001),"120.00",IF(AND(C12>8000,C12<10001),"130.00",IF(AND(C12>10000,C12<50001),"180.00",IF(AND(C12>50000,C12<100001),"280.00","")))))))))))))))))))))))))) | E12: ='Customer Given'!C12 -> 0 | F12: ='Customer Given'!D12 -> 0 | G12: ='Customer Given'!E12 -> 0 | H12: =IF(AND(K12>0,K12<251),"200.00",IF(AND(K12>250,K12<501),"250.00",IF(AND(K12>500,K12<1001),"350.00",IF(AND(K12>1000,K12<2001),"400.00",IF(AND(K12>2000,K12<3001),"450.00",IF(AND(K12>3000,K12<4001),"500.00",IF(AND(K12>4000,K12<5001),"550.00",IF(AND(K12>5000,K12<6001),"600.00",IF(AND(K12>6000,K12<7001),"650.00",IF(AND(K12>7000,K12<8001),"700.00",IF(AND(K12>8000,K12<9001),"750.00",IF(AND(K12>9000,K12<10001),"800.00",IF(AND(K12>10000,K12<15001),"850.00",IF(AND(K12>15000,K12<20001),"1100.00",IF(AND(K12>20000,K12<25001),"1600.00",IF(AND(K12>25000,K12<30001),"2100.00",IF(AND(K12>30000,K12<35001),"2600.00",IF(AND(K12>35000,K12<40001),"3100.00","")))))))))))))))))) | K12: ='Customer Given'!G12 -> 0
A13: ='Customer Given'!H13 -> 0 | B13: C | C13: ='Customer Given'!F13 -> 0 | D13: =IF(AND(C13>0,C13<101),"52.00",IF(AND(C13>100,C13<201),"54.00",IF(AND(C13>200,C13<301),"56.00",IF(AND(C13>300,C13<401),"58.00",IF(AND(C13>400,C13<501),"60.00",IF(AND(C13>500,C13<601),"62.00",IF(AND(C13>600,C13<701),"64.00",IF(AND(C13>700,C13<801),"66.00",IF(AND(C13>800,C13<901),"68.00",IF(AND(C13>900,C13<1001),"70.00",IF(AND(C13>1000,C13<1101),"72.00",IF(AND(C13>1100,C13<1201),"74.00",IF(AND(C13>1200,C13<1301),"76.00",IF(AND(C13>1300,C13<1401),"78.00",IF(AND(C13>1400,C13<1501),"80.00",IF(AND(C13>1500,C13<1601),"82.00",IF(AND(C13>1600,C13<1701),"84.00",IF(AND(C13>1700,C13<1801),"86.00",IF(AND(C13>1800,C13<1901),"88.00",IF(AND(C13>1900,C13<2001),"90.00",IF(AND(C13>2000,C13<4001),"100.00",IF(AND(C13>4000,C13<6001),"110.00",IF(AND(C13>6000,C13<8001),"120.00",IF(AND(C13>8000,C13<10001),"130.00",IF(AND(C13>10000,C13<50001),"180.00",IF(AND(C13>50000,C13<100001),"280.00","")))))))))))))))))))))))))) | E13: ='Customer Given'!C13 -> 0 | F13: ='Customer Given'!D13 -> 0 | G13: ='Customer Given'!E13 -> 0 | H13: =IF(AND(K13>0,K13<251),"200.00",IF(AND(K13>250,K13<501),"250.00",IF(AND(K13>500,K13<1001),"350.00",IF(AND(K13>1000,K13<2001),"400.00",IF(AND(K13>2000,K13<3001),"450.00",IF(AND(K13>3000,K13<4001),"500.00",IF(AND(K13>4000,K13<5001),"550.00",IF(AND(K13>5000,K13<6001),"600.00",IF(AND(K13>6000,K13<7001),"650.00",IF(AND(K13>7000,K13<8001),"700.00",IF(AND(K13>8000,K13<9001),"750.00",IF(AND(K13>9000,K13<10001),"800.00",IF(AND(K13>10000,K13<15001),"850.00",IF(AND(K13>15000,K13<20001),"1100.00",IF(AND(K13>20000,K13<25001),"1600.00",IF(AND(K13>25000,K13<30001),"2100.00",IF(AND(K13>30000,K13<35001),"2600.00",IF(AND(K13>35000,K13<40001),"3100.00","")))))))))))))))))) | K13: ='Customer Given'!G13 -> 0
... A10000: ='Customer Given'!H10000 -> 0 | B10000: C | C10000: ='Customer Given'!F10000 -> 0 | D10000: =IF(AND(C10000>0,C10000<101),"52.00",IF(AND(C10000>100,C10000<201),"54.00",IF(AND(C10000>200,C10000<301),"56.00",IF(AND(C10000>300,C10000<401),"58.00",IF(AND(C10000>400,C10000<501),"60.00",IF(AND(C10000>500,C10000<601),"62.00",IF(AND(C10000>600,C10000<701),"64.00",IF(AND(C10000>700,C10000<801),"66.00",IF(AND(C10000>800,C10000<901),"68.00",IF(AND(C10000>900,C10000<1001),"70.00",IF(AND(C10000>1000,C10000<1101),"72.00",IF(AND(C10000>1100,C10000<1201),"74.00",IF(AND(C10000>1200,C10000<1301),"76.00",IF(AND(C10000>1300,C10000<1401),"78.00",IF(AND(C10000>1400,C10000<1501),"80.00",IF(AND(C10000>1500,C10000<1601),"82.00",IF(AND(C10000>1600,C10000<1701),"84.00",IF(AND(C10000>1700,C10000<1801),"86.00",IF(AND(C10000>1800,C10000<1901),"88.00",IF(AND(C10000>1900,C10000<2001),"90.00",IF(AND(C10000>2000,C10000<4001),"100.00",IF(AND(C10000>4000,C10000<6001),"110.00",IF(AND(C10000>6000,C10000<8001),"120.00",IF(AND(C10000>8000,C10000<10001),"130.00",IF(AND(C10000>10000,C10000<50001),"180.00",IF(AND(C10000>50000,C10000<100001),"280.00","")))))))))))))))))))))))))) | E10000: ='Customer Given'!C10000 -> 0 | F10000: ='Customer Given'!D10000 -> 0 | G10000: ='Customer Given'!E10000 -> 0 | H10000: =IF(AND(K10000>0,K10000<251),"200.00",IF(AND(K10000>250,K10000<501),"250.00",IF(AND(K10000>500,K10000<1001),"350.00",IF(AND(K10000>1000,K10000<2001),"400.00",IF(AND(K10000>2000,K10000<3001),"450.00",IF(AND(K10000>3000,K10000<4001),"500.00",IF(AND(K10000>4000,K10000<5001),"550.00",IF(AND(K10000>5000,K10000<6001),"600.00",IF(AND(K10000>6000,K10000<7001),"650.00",IF(AND(K10000>7000,K10000<8001),"700.00",IF(AND(K10000>8000,K10000<9001),"750.00",IF(AND(K10000>9000,K10000<10001),"800.00",IF(AND(K10000>10000,K10000<15001),"850.00",IF(AND(K10000>15000,K10000<20001),"1100.00",IF(AND(K10000>20000,K10000<25001),"1600.00",IF(AND(K10000>25000,K10000<30001),"2100.00",IF(AND(K10000>30000,K10000<35001),"2600.00",IF(AND(K10000>35000,K10000<40001),"3100.00","")))))))))))))))))) | K10000: ='Customer Given'!G10000 -> 0
A10001: ='Customer Given'!H10001 -> A | B10001: C | C10001: ='Customer Given'!F10001 -> A | D10001: =IF(AND(C10001>0,C10001<101),"18.00",IF(AND(C10001>100,C10001<201),"21.00",IF(AND(C10001>200,C10001<301),"24.00",IF(AND(C10001>300,C10001<401),"27.00",IF(AND(C10001>400,C10001<501),"30.00",IF(AND(C10001>500,C10001<601),"33.00",IF(AND(C10001>600,C10001<701),"36.00",IF(AND(C10001>700,C10001<801),"39.00",IF(AND(C10001>800,C10001<901),"42.00",IF(AND(C10001>900,C10001<1001),"45.00",IF(AND(C10001>1000,C10001<1101),"48.00",IF(AND(C10001>1100,C10001<1201),"51.00",IF(AND(C10001>1200,C10001<1301),"54.00",IF(AND(C10001>1300,C10001<1401),"57.00",IF(AND(C10001>1400,C10001<1501),"60.00",IF(AND(C10001>1500,C10001<1601),"63.00",IF(AND(C10001>1600,C10001<1701),"66.00",IF(AND(C10001>1700,C10001<1801),"69.00",IF(AND(C10001>1800,C10001<1901),"72.00",IF(AND(C10001>1900,C10001<2001),"75.00",IF(AND(C10001>2000,C10001<3001),"87.00",IF(AND(C10001>3000,C10001<4001),"99.00",IF(AND(C10001>4000,C10001<5001),"111.00",IF(AND(C10001>5000,C10001<6001),"123.00",IF(AND(C10001>6000,C10001<7001),"135.00",IF(AND(C10001>7000,C10001<8001),"147.00",IF(AND(C10001>8000,C10001<9001),"159.00",IF(AND(C10001>9000,C10001<10001),"171.00",IF(AND(C10001>10000,C10001<11001),"181.00",IF(AND(C10001>11000,C10001<12001),"191.00",IF(AND(C10001>12000,C10001<13001),"201.00",IF(AND(C10001>13000,C10001<14001),"211.00",IF(AND(C10001>14000,C10001<15001),"221.00",IF(AND(C10001>15000,C10001<16001),"231.00",IF(AND(C10001>16000,C10001<17001),"241.00",IF(AND(C10001>17000,C10001<18001),"251.00",IF(AND(C10001>18000,C10001<19001),"261.00",IF(AND(C10001>19000,C10001<20001),"271.00",IF(AND(C10001>20000,C10001<21001),"281.00",IF(AND(C10001>21000,C10001<22001),"291.00",IF(AND(C10001>22000,C10001<23001),"301.00",IF(AND(C10001>23000,C10001<24001),"311.00",IF(AND(C10001>24000,C10001<25001),"321.00",IF(AND(C10001>25000,C10001<26001),"333.00",IF(AND(C10001>26000,C10001<27001),"345.00",IF(AND(C10001>27000,C10001<28001),"357.00",IF(AND(C10001>28000,C10001<29001),"369.00",""))))))))))))))))))))))))))))))))))))))))))))))) | E10001: ='Customer Given'!C10001 -> A | F10001: ='Customer Given'!D10001 -> A | H10001: =IF(AND(K10001>0,K10001<251),"110.00",IF(AND(K10001>250,K10001<501),"140.00",IF(AND(K10001>500,K10001<1001),"160.00",IF(AND(K10001>1000,K10001<1501),"190.00",IF(AND(K10001>1500,K10001<2001),"250.00",IF(AND(K10001>2000,K10001<2501),"310.00",IF(AND(K10001>2500,K10001<3001),"375.00",IF(AND(K10001>3000,K10001<4001),"440.00",IF(AND(K10001>4000,K10001<5001),"500.00",IF(AND(K10001>5000,K10001<6001),"560.00",IF(AND(K10001>6000,K10001<7001),"625.00",IF(AND(K10001>7000,K10001<8001),"690.00",IF(AND(K10001>8000,K10001<9001),"750.00",IF(AND(K10001>9000,K10001<10001),"810.00","")))))))))))))) | K10001: ='Customer Given'!G10001 -> A

Sheet csv
